<step title="Incoming Request" date="2026-01-19T05:21:44.879" instance="485164" url="/deploy?scmType=ExternalGit&amp;isAsync=true" method="POST" type="request" pid="768,1,16" Host="backable-people-and-operation-engine-new.scm.azurewebsites.net" User-Agent="Azure-WebSites-Controller/106.0.7.121" Authorization="Bas..." Expect="100-continue" Content-Length="132" x-ms-request-id="a8dedde9-c52c-44c9-85e1-1bafd97f0439" X-ARR-LOG-ID="a8dedde9-c52c-44c9-85e1-1bafd97f0439" CLIENT-IP="20.211.64.31:3009" X-SITE-DEPLOYMENT-ID="backable-people-and-operation-engine-new" WAS-DEFAULT-HOSTNAME="backable-people-and-operation-engine-new.scm.azurewebsites.net" X-MS-PLATFORM-INTERNAL="True" X-Forwarded-Proto="https" X-AppService-Proto="https" X-Forwarded-TlsVersion="1.3" X-WAWS-Unencoded-URL="/deploy?scmType=ExternalGit&amp;isAsync=true" X-Client-IP="20.211.64.31" X-Client-Port="3009" >
  <step title="FetchHandler" date="2026-01-19T05:21:44.916" >
    <step title="GitExeRepository.Initialize" date="2026-01-19T05:21:44.937" >
      <step title="Executing external process" date="2026-01-19T05:21:44.940" type="process" path="git" arguments="init" /><!-- duration: 209ms -->
      <step title="Executing external process" date="2026-01-19T05:21:45.154" type="process" path="git" arguments="config core.autocrlf false" /><!-- duration: 25ms -->
      <step title="Executing external process" date="2026-01-19T05:21:45.186" type="process" path="git" arguments="config core.preloadindex true" /><!-- duration: 26ms -->
      <step title="Executing external process" date="2026-01-19T05:21:45.221" type="process" path="git" arguments="config user.name &quot;unknown&quot;" /><!-- duration: 25ms -->
      <step title="Executing external process" date="2026-01-19T05:21:45.250" type="process" path="git" arguments="config user.email &quot;unknown&quot;" /><!-- duration: 81ms -->
      <step title="Executing external process" date="2026-01-19T05:21:45.344" type="process" path="git" arguments="config filter.lfs.clean &quot;git-lfs clean %f&quot;" /><!-- duration: 18ms -->
      <step title="Executing external process" date="2026-01-19T05:21:45.364" type="process" path="git" arguments="config filter.lfs.smudge &quot;git-lfs smudge %f&quot;" /><!-- duration: 21ms -->
      <step title="Executing external process" date="2026-01-19T05:21:45.391" type="process" path="git" arguments="config filter.lfs.required true" /><!-- duration: 18ms -->
      <step title="Configure git server" date="2026-01-19T05:21:45.414" >
        <step title="Executing external process" date="2026-01-19T05:21:45.416" type="process" path="git" arguments="config receive.denyCurrentBranch ignore" /><!-- duration: 15ms -->
      </step><!-- duration: 19ms -->
      <step title="Create deny users for .git folder" date="2026-01-19T05:21:45.435" /><!-- duration: 36ms -->
      <step title="Configure git-credential" date="2026-01-19T05:21:45.477" >
        <step title="Executing external process" date="2026-01-19T05:21:45.497" type="process" path="git" arguments="config credential.helper &quot;!&apos;/home/site/repository/.git/hooks/git-credential-invalid.sh&apos;&quot;" /><!-- duration: 23ms -->
      </step><!-- duration: 46ms -->
      <step title="Setup post receive hook" date="2026-01-19T05:21:45.524" >
        <step title="Non-Windows enviroment, granting 755 permission to post-receive hook file" date="2026-01-19T05:21:45.562" /><!-- duration: 12ms -->
      </step><!-- duration: 55ms -->
    </step><!-- duration: 644ms -->
    <step title="Executing external process" date="2026-01-19T05:21:45.586" type="process" path="git" arguments="log -n 1 main --" >
      <step title="Process dump" date="2026-01-19T05:21:45.615" exitCode="128" type="processOutput" /><!-- duration: 2ms -->
    </step><!-- duration: 35ms -->
    <step title="Start deployment in the background" date="2026-01-19T05:21:45.626" >
      <step title="Executing external process" date="2026-01-19T05:21:45.637" type="process" path="git" arguments="rev-parse --git-dir" /><!-- duration: 11ms -->
      <step title="Executing external process" date="2026-01-19T05:21:45.652" type="process" path="git" arguments="rev-parse --git-dir" /><!-- duration: 9ms -->
      <step title="Executing external process" date="2026-01-19T05:21:45.663" type="process" path="git" arguments="log -n 1 main --" >
        <step title="Process dump" date="2026-01-19T05:21:45.682" exitCode="128" type="processOutput" /><!-- duration: 3ms -->
      </step><!-- duration: 27ms -->
      <step title="Acquiring Deployment Lock" date="2026-01-19T05:21:45.694" /><!-- duration: 4ms -->
      <step title="Acquired Deployment Lock" date="2026-01-19T05:21:45.724" /><!-- duration: 5ms -->
    </step><!-- duration: 185ms -->
  </step><!-- duration: 899ms -->
  <step title="Outgoing response" date="2026-01-19T05:21:45.818" type="response" statusCode="202" statusText="Accepted" /><!-- duration: 2ms -->
</step><!-- duration: 944ms -->
