<step title="BackgroundTrace" date="2026-01-19T05:21:45.633" instance="485164" url="/deploy" method="POST" >
  <step title="Creating temporary deployment - FetchDeploymentManager" date="2026-01-19T05:21:45.732" /><!-- duration: 2ms -->
  <step title="Creating temporary deployment" date="2026-01-19T05:21:45.736" /><!-- duration: 70ms -->
  <step title="Performing fetch based deployment" date="2026-01-19T05:21:45.889" >
    <step title="Deployment timer started" date="2026-01-19T05:21:48.959" >
      <step title="DeploymentManager.Deploy(id:c1c355ba71df9101a1d1d70a1a0bb5ce3f100065)" date="2026-01-19T05:21:48.967" >
        <step title="Collecting changeset information" date="2026-01-19T05:21:49.010" /><!-- duration: 116ms -->
        <step title="Updating submodules" date="2026-01-19T05:21:49.136" /><!-- duration: 1178ms -->
        <step title="Determining deployment builder" date="2026-01-19T05:21:50.540" >
          <step title="Builder is OryxBuilder" date="2026-01-19T05:21:50.545" /><!-- duration: 2ms -->
        </step><!-- duration: 9ms -->
        <step title="PreDeployment: context.CleanOutputPath False" date="2026-01-19T05:21:50.594" >
          <step title="PreDeployment: context.OutputPath /home/site/wwwroot" date="2026-01-19T05:21:50.720" >
            <step title="Building" date="2026-01-19T05:21:50.885" >
              <step title="Executing external process" date="2026-01-19T05:21:51.147" type="process" path="bash" arguments="-c &quot;oryx build /home/site/repository -o /home/site/wwwroot --platform python --platform-version 3.11 -p virtualenv_name=antenv --log-file /tmp/build-debug.log  -i /tmp/8de571aa663e8c1 --compress-destination-dir | tee /tmp/oryx-build.log ; exit $PIPESTATUS &quot;" /><!-- duration: 54781ms -->
              <step title="Using PythonDeploymentLogParser" date="2026-01-19T05:22:46.262" /><!-- duration: 2ms -->
              <step title="Triggering recycle (preview mode disabled)." date="2026-01-19T05:22:47.480" /><!-- duration: 2ms -->
              <step title="Modified file to trigger a restart of the app container." date="2026-01-19T05:22:47.524" /><!-- duration: 2ms -->
              <step title="Skip function trigger and logicapp sync because function is not enabled." date="2026-01-19T05:22:47.529" /><!-- duration: 2ms -->
            </step><!-- duration: 57646ms -->
          </step><!-- duration: 57817ms -->
          <step title="Cleaning up temp files" date="2026-01-19T05:22:48.539" /><!-- duration: 2061ms -->
          <step title="Cleaning up temp files" date="2026-01-19T05:22:50.606" /><!-- duration: 503ms -->
          <step title="Reloading status file with latest updates" date="2026-01-19T05:22:51.147" >
            <step title="WebHooksManager.PublishEventAsync: PostDeployment" date="2026-01-19T05:22:51.150" /><!-- duration: 31ms -->
          </step><!-- duration: 37ms -->
          <step title="Cleaning up temporary deployment - fetch deployment was successful" date="2026-01-19T05:22:51.189" /><!-- duration: 2ms -->
        </step><!-- duration: 60660ms -->
      </step><!-- duration: 62299ms -->
