<step title="Incoming Request" date="2026-01-19T05:36:24.761" instance="485164" url="/api/zipdeploy?isAsync=true&amp;deployer=GITHUB_ZIP_DEPLOY&amp;message=%7B%22type%22%3A%22deployment%22%2C%22sha%22%3A%22df29134133e150bcd910a57f508beae6a0f8043c%22%2C%22repoName%22%3A%22BACKABLE-UTKARSH%2FBACKABLE-PEOPLE-AND-OPERATIONS-ENGINE-NEW-INFRASTRUCTURE%22%2C%22actor%22%3A%22BACKABLE-UTKARSH%22%2C%22slotName%22%3A%22production%22%2C%22commitMessage%22%3A%22%22%7D" method="POST" type="request" pid="768,1,29" Host="backable-people-and-operation-engine-new.scm.azurewebsites.net" User-Agent="GITHUBACTIONS_DeployWebAppToAzure_f5a7ee4fb48ea54cd9f9b1d5d404a19acce72d0cd5723088d29e869a58110d89" Authorization="Bas..." Content-Type="application/octet-stream" Cookie="ARRAffinity=4851640fa429b6aa029a49c458ee085f11e6e4a332686c145c4eb92461f4bc7a;Path=/;HttpOnly;Secure;Domain=backable-people-and-operation-engine-new.scm.azurewebsites.net; ARRAffinitySameSite=4851640fa429b6aa029a49c458ee085f11e6e4a332686c145c4eb92461f4bc7a;Path=/;HttpOnly;SameSite=None;Secure;Domain=backable-people-and-operation-engine-new.scm.azurewebsites.net" Transfer-Encoding="chunked" X-ARR-LOG-ID="a2424885-cfa5-4b7c-9d1a-cbf12d8f0e8e" CLIENT-IP="40.65.59.114:29712" X-SITE-DEPLOYMENT-ID="backable-people-and-operation-engine-new" WAS-DEFAULT-HOSTNAME="backable-people-and-operation-engine-new.scm.azurewebsites.net" X-Forwarded-Proto="https" X-AppService-Proto="https" X-Forwarded-TlsVersion="1.3" X-WAWS-Unencoded-URL="/api/zipdeploy?isAsync=true&amp;deployer=GITHUB_ZIP_DEPLOY&amp;message=%7B%22type%22%3A%22deployment%22%2C%22sha%22%3A%22df29134133e150bcd910a57f508beae6a0f8043c%22%2C%22repoName%22%3A%22BACKABLE-UTKARSH%2FBACKABLE-PEOPLE-AND-OPERATIONS-ENGINE-NEW-INFRASTRUCTURE%22%2C%22actor%22%3A%22BACKABLE-UTKARSH%22%2C%22slotName%22%3A%22production%22%2C%22commitMessage%22%3A%22%22%7D" X-Client-IP="40.65.59.114" X-Client-Port="29712" >
  <step title="ZipPushDeploy" date="2026-01-19T05:36:24.810" >
    <step title="ZipDeploy. Extract zip. Remote build." date="2026-01-19T05:36:24.814" /><!-- duration: 3ms -->
    <step title="None repository commit" date="2026-01-19T05:36:24.821" >
      <step title="Commit id: 56527d68-624c-4ff0-8d89-ff04b0c98542" date="2026-01-19T05:36:24.825" Message="N/A" AuthorName="N/A" AuthorEmail="N/A" /><!-- duration: 5ms -->
    </step><!-- duration: 12ms -->
    <step title="Starting PushDeployAsync" date="2026-01-19T05:36:24.836" /><!-- duration: 3ms -->
    <step title="Writing artifact to /tmp/zipdeploy/45abd907-1873-45d5-9ec3-53f6131b7848.zip" date="2026-01-19T05:36:24.849" >
      <step title="Writing multipart request body to /tmp/zipdeploy/45abd907-1873-45d5-9ec3-53f6131b7848.zip" date="2026-01-19T05:36:24.852" /><!-- duration: 6ms -->
    </step><!-- duration: 332ms -->
    <step title="Removing previous build artifact&apos;s manifest file" date="2026-01-19T05:36:25.190" >
      <step title="None repository commit" date="2026-01-19T05:36:25.195" >
        <step title="Commit id: 56527d68-624c-4ff0-8d89-ff04b0c98542" date="2026-01-19T05:36:25.198" Message="N/A" AuthorName="N/A" AuthorEmail="N/A" /><!-- duration: 3ms -->
      </step><!-- duration: 9ms -->
      <step title="Start deployment in the background" date="2026-01-19T05:36:25.207" >
        <step title="None repository commit" date="2026-01-19T05:36:25.213" >
          <step title="Commit id: 56527d68-624c-4ff0-8d89-ff04b0c98542" date="2026-01-19T05:36:25.216" Message="N/A" AuthorName="N/A" AuthorEmail="N/A" /><!-- duration: 3ms -->
        </step><!-- duration: 9ms -->
        <step title="Acquiring Deployment Lock" date="2026-01-19T05:36:25.225" /><!-- duration: 3ms -->
        <step title="Acquired Deployment Lock" date="2026-01-19T05:36:25.268" /><!-- duration: 4ms -->
      </step><!-- duration: 134ms -->
    </step><!-- duration: 155ms -->
    <step title="Outgoing response" date="2026-01-19T05:36:25.350" type="response" statusCode="202" statusText="Accepted" /><!-- duration: 3ms -->
  </step><!-- duration: 547ms -->
